{
  "id": "canonnames",
  "name": "Canon Faraway Names",
  "description": "Replaces overworld NPC names with their canon names.",
  "version": "4.0",
  "files": {
    "plugins": [],
    "text": [],
    "data": [],
    "data_pluto": [],
    "maps": [],
    "assets": [],
    "exec": [],
    "plugins_delta": [],
    "text_delta": [
      "text_delta/09_cutscenes_hobbeez.ymld",
      "text_delta/17_cutscenes_pollysworry.ymld",
      "text_delta/farawaytown_dialogue_day1_day.ymld",
      "text_delta/farawaytown_dialogue_day1_sunset.ymld",
      "text_delta/farawaytown_dialogue_day2_day.ymld",
      "text_delta/farawaytown_dialogue_day2_sunset.ymld",
      "text_delta/farawaytown_dialogue_day3_day.ymld",
      "text_delta/farawaytown_dialogue_day3_sunset.ymld",
      "text_delta/farawaytown_dialogue_tucker.ymld",
      "text_delta/farawaytown_extras_dailydialogue.ymld",
      "text_delta/farawaytown_extras_hardwareminigame.ymld",
      "text_delta/farawaytown_extras_mavericks.ymld",
      "text_delta/farawaytown_extras_misc.ymld",
      "text_delta/farawaytown_extras_objectflavor.ymld",
      "text_delta/farawaytown_extras_petrock.ymld",
      "text_delta/farawaytown_extras_pizzaminigame.ymld",
      "text_delta/farawaytown_extras_shop.ymld",
      "text_delta/farawaytown_extras_supermarketminigame.ymld",
      "text_delta/fa_map_flavor.ymld",
      "text_delta/kel_errands.ymld",
      "text_delta/sidequest_farawaytown_anniversarychoco.ymld",
      "text_delta/sidequest_farawaytown_anniversarypizza.ymld",
      "text_delta/sidequest_farawaytown_birthdaygift1.ymld",
      "text_delta/sidequest_farawaytown_claus.ymld",
      "text_delta/sidequest_farawaytown_cooking.ymld",
      "text_delta/sidequest_farawaytown_fixarcademachine.ymld",
      "text_delta/sidequest_farawaytown_forgotmeat.ymld",
      "text_delta/sidequest_farawaytown_fruitwarbrayden.ymld",
      "text_delta/sidequest_farawaytown_ginohighscore.ymld",
      "text_delta/sidequest_farawaytown_ginojukebox.ymld",
      "text_delta/sidequest_farawaytown_hobbeezhighscore.ymld",
      "text_delta/sidequest_farawaytown_lostlucas.ymld",
      "text_delta/sidequest_farawaytown_michaelslunch.ymld",
      "text_delta/sidequest_farawaytown_michaelthemusician.ymld",
      "text_delta/sidequest_farawaytown_pickingpaint.ymld",
      "text_delta/sidequest_farawaytown_pickupfurniture.ymld",
      "text_delta/sidequest_farawaytown_sneakingoutbrent.ymld",
      "text_delta/sidequest_farawaytown_sneakingoutjoy.ymld",
      "text_delta/sidequest_farawaytown_tutorbrent.ymld",
      "text_delta/sidequest_farawaytown_tutorjoy.ymld",
      "text_delta/XX_OCEAN.ymld"
    ],
    "maps_delta": [],
    "data_delta": []
  }
}