{
  "id": "smallfixes",
  "name": "(Mostly) Pointless Fixes",
  "description": "Various fixes and restored cut content.",
  "version": "1.4",
  "files": {
    "plugins": [],
    "text": [],
    "data": [],
    "data_pluto": [],
    "maps": [],
    "assets": [],
    "exec": [],
    "plugins_delta": [],
    "text_delta": [
      "text_delta/dreamworld_extras_dinosdig.ymld",
      "text_delta/dreamworld_npc_dialogue_playground.ymld",
      "text_delta/farawaytown_extras_misc.ymld"
    ],
    "maps_delta": [],
    "data_delta": [
      "data_delta/Items.jsond",
      "data_delta/Map058.jsond",
      "data_delta/Map092.jsond",
      "data_delta/Map110.jsond",
      "data_delta/Map122.jsond",
      "data_delta/Map134.jsond",
      "data_delta/Map282.jsond",
      "data_delta/Map283.jsond",
      "data_delta/Map284.jsond",
      "data_delta/Map413.jsond",
      "data_delta/Skills.jsond",
      "data_delta/System.jsond"
    ]
  }
}