{
  "id": "battlemusicfix",
  "name": "Battle Music Fix",
  "description": "Fixes incorrect battle music playing in some encounters.",
  "version": "1.0",
  "manifestVersion": 1,
  "_flags": [
    "do_olid"
  ],
  "image_deltas": [],
  "files": {
    "plugins": [],
    "assets": [],
    "files": [],
    "maps": [],
    "text": [],
    "data": [
      "data/Map003.jsond",
      "data/Map114.jsond",
      "data/Map250.jsond",
      "data/Map334.jsond",
      "data/Map343.jsond"
    ]
  },
  "$schema": "https://rph.space/oneloader.manifestv1.schema.json"
}