{
  "id": "WindowsScalingFix",
  "name": "Window Scaling Fix",
  "description": "Correctly scales the game window. Restart once after installing.",
  "version": "1.0",
  "files": {
    "plugins": [
      "WindowFix.js"
    ]
  },
  "_flags":[
    "package_json_editing"
  ],
  "packagejson_delta":[
    {
      "op": "replace",
      "path": "/chromium-args",
      "value": "--limit-fps=60 --in-process-gpu --disable-direct-composition --enable-gpu-rasterization --enable-gpu-memory-buffer-video-frames --enable-native-gpu-memory-buffers --enable-zero-copy --enable-gpu-async-worker-context --force-device-scale-factor=1"
    }
  ]
}