{
  "id": "DinoDigGUIDisplay",
  "name": "Dino Dig GUI",
  "description": "Shows your spoon's durability in the DINO DIG minigame.",
  "version": "1.0",
  "manifestVersion": 1,
  "_flags": [
    "do_olid"
  ],
  "image_deltas": [
    {
      "patch": "img/system/IconSet.png",
      "with": "olid/578eb58480fceb733a74cc360823b0d6f7f71feb311b88f2762aec7eb2efcdbd.olid",
      "dir": false
    }
  ],
  "files": {
    "plugins": [
      "plugins/dinosdigspoonusagecounter.js"
    ],
    "assets": [],
    "files": [],
    "maps": [],
    "text": [],
    "data": [
      "data/CommonEvents.jsond",
      "data/Map006.jsond",
      "data/Map108.jsond",
      "data/System.jsond"
    ]
  },
  "$schema": "https://rph.space/oneloader.manifestv1.schema.json"
}