{
  "id": "betterrecycling",
  "name": "Better Recycling",
  "description": "Recycle multiple OTHERWORLD junk items at once with ↑↓.",
  "version": "v1.0.5",
  "files": {
    "plugins": [
      "plugins/SwitchOnLoad-BetterRecycling.js"
    ],
    "text": [
      "text/better_recycling.yml"
    ],
    "data": [],
    "data_pluto": [],
    "maps": [],
    "assets": [],
    "exec": [],
    "plugins_delta": [],
    "text_delta": [
      "text_delta/sidequest_dreamworld_recycle.ymld"
    ],
    "maps_delta": [],
    "data_delta": [
      "data_delta/CommonEvents.jsond",
      "data_delta/Map346.jsond"
    ]
  }
}